Id,Score
32001,1
32002,1
32003,1
32004,1
32005,1
32006,1
32007,1
32008,1
32009,1
32010,1
32011,1
32012,1
32013,1
32014,1
32015,1
32016,21
32017,1
32018,1
32019,1
32020,1
32021,10
32022,1
32023,7
32024,1
32025,8
32026,8
32027,5
32028,1
32029,26
32030,4
32031,1
32032,4
32033,1
32034,5
32035,4
32036,1
32037,1
32038,2
32039,1
32040,4
32041,1
32042,1
32043,1
32044,1
32045,5
32046,1
32047,2
32048,1
32049,1
32050,12
32051,1
32052,1
32053,9
32054,4
32055,3
32056,4
32057,4
32058,9
32059,1
32060,5
32061,8
32062,1
32063,1
32064,1
32065,4
32066,1
32067,1
32068,1
32069,5
32070,1
32071,1
32072,1
32073,1
32074,8
32075,1
32076,1
32077,5
32078,7
32079,4
32080,2
32081,8
32082,2
32083,10
32084,2
32085,4
32086,1
32087,4
32088,4
32089,7
32090,7
32091,2
32092,1
32093,15
32094,7
32095,4
32096,1
32097,1
32098,1
32099,1
32100,6
32101,8
32102,1
32103,1
32104,5
32105,1
32106,1
32107,1
32108,15
32109,10
32110,1
32111,5
32112,6
32113,1
32114,1
32115,2
32116,1
32117,5
32118,4
32119,2
32120,1
32121,11
32122,1
32123,5
32124,13
32125,2
32126,1
32127,7
32128,1
32129,2
32130,2
32131,1
32132,1
32133,8
32134,12
32135,6
32136,1
32137,1
32138,2
32139,9
32140,4
32141,1
32142,7
32143,1
32144,4
32145,6
32146,1
32147,4
32148,2
32149,2
32150,2
32151,1
32152,1
32153,9
32154,1
32155,8
32156,4
32157,1
32158,7
32159,5
32160,1
32161,1
32162,2
32163,1
32164,1
32165,1
32166,11
32167,2
32168,1
32169,1
32170,1
32171,4
32172,4
32173,4
32174,3
32175,8
32176,8
32177,1
32178,3
32179,2
32180,8
32181,4
32182,1
32183,6
32184,4
32185,2
32186,1
32187,1
32188,11
32189,16
32190,1
32191,4
32192,6
32193,1
32194,5
32195,1
32196,2
32197,14
32198,2
32199,2
32200,1
32201,1
32202,7
32203,1
32204,1
32205,4
32206,2
32207,2
32208,8
32209,7
32210,1
32211,7
32212,4
32213,4
32214,1
32215,5
32216,1
32217,1
32218,1
32219,13
32220,1
32221,11
32222,1
32223,8
32224,5
32225,4
32226,15
32227,1
32228,8
32229,8
32230,5
32231,2
32232,4
32233,8
32234,4
32235,18
32236,2
32237,16
32238,1
32239,10
32240,5
32241,7
32242,1
32243,4
32244,4
32245,5
32246,16
32247,2
32248,4
32249,20
32250,2
32251,1
32252,4
32253,14
32254,1
32255,1
32256,2
32257,4
32258,2
32259,5
32260,1
32261,1
32262,1
32263,2
32264,1
32265,2
32266,1
32267,7
32268,1
32269,4
32270,2
32271,1
32272,5
32273,5
32274,5
32275,7
32276,1
32277,1
32278,13
32279,10
32280,3
32281,2
32282,5
32283,2
32284,1
32285,6
32286,4
32287,1
32288,1
32289,4
32290,1
32291,4
32292,8
32293,4
32294,1
32295,1
32296,4
32297,1
32298,5
32299,8
32300,1
32301,6
32302,6
32303,8
32304,2
32305,20
32306,5
32307,14
32308,1
32309,4
32310,7
32311,1
32312,4
32313,5
32314,4
32315,1
32316,2
32317,1
32318,7
32319,1
32320,2
32321,4
32322,1
32323,2
32324,2
32325,10
32326,4
32327,1
32328,2
32329,4
32330,5
32331,1
32332,26
32333,1
32334,9
32335,1
32336,1
32337,1
32338,4
32339,3
32340,7
32341,8
32342,1
32343,5
32344,5
32345,1
32346,1
32347,4
32348,7
32349,1
32350,1
32351,2
32352,1
32353,5
32354,2
32355,3
32356,1
32357,1
32358,5
32359,11
32360,7
32361,1
32362,1
32363,1
32364,4
32365,10
32366,7
32367,7
32368,7
32369,1
32370,10
32371,4
32372,2
32373,5
32374,16
32375,1
32376,1
32377,3
32378,1
32379,1
32380,8
32381,1
32382,3
32383,11
32384,1
32385,1
32386,1
32387,3
32388,1
32389,1
32390,3
32391,1
32392,4
32393,4
32394,6
32395,1
32396,1
32397,1
32398,1
32399,2
32400,13
32401,1
32402,1
32403,2
32404,4
32405,13
32406,12
32407,4
32408,1
32409,1
32410,18
32411,2
32412,2
32413,6
32414,5
32415,4
32416,5
32417,7
32418,4
32419,16
32420,4
32421,2
32422,6
32423,5
32424,1
32425,1
32426,3
32427,2
32428,9
32429,11
32430,1
32431,1
32432,1
32433,6
32434,9
32435,1
32436,1
32437,7
32438,3
32439,9
32440,2
32441,1
32442,4
32443,2
32444,1
32445,4
32446,1
32447,4
32448,2
32449,1
32450,1
32451,2
32452,2
32453,1
32454,2
32455,4
32456,16
32457,8
32458,2
32459,2
32460,5
32461,1
32462,7
32463,1
32464,7
32465,1
32466,1
32467,1
32468,11
32469,14
32470,1
32471,7
32472,3
32473,4
32474,1
32475,1
32476,1
32477,1
32478,5
32479,4
32480,5
32481,4
32482,1
32483,1
32484,1
32485,7
32486,6
32487,1
32488,1
32489,7
32490,2
32491,20
32492,1
32493,1
32494,4
32495,2
32496,5
32497,1
32498,4
32499,1
32500,3
32501,1
32502,7
32503,2
32504,3
32505,8
32506,1
32507,11
32508,1
32509,1
32510,1
32511,2
32512,1
32513,10
32514,2
32515,6
32516,1
32517,5
32518,5
32519,7
32520,5
32521,2
32522,4
32523,4
32524,4
32525,1
32526,5
32527,2
32528,1
32529,1
32530,2
32531,2
32532,1
32533,1
32534,4
32535,4
32536,1
32537,4
32538,4
32539,4
32540,3
32541,16
32542,1
32543,5
32544,11
32545,2
32546,9
32547,1
32548,5
32549,4
32550,1
32551,4
32552,2
32553,2
32554,1
32555,20
32556,1
32557,4
32558,10
32559,1
32560,4
32561,5
32562,6
32563,4
32564,6
32565,10
32566,10
32567,4
32568,2
32569,1
32570,1
32571,4
32572,4
32573,8
32574,5
32575,2
32576,1
32577,4
32578,1
32579,7
32580,1
32581,1
32582,14
32583,1
32584,4
32585,9
32586,1
32587,3
32588,4
32589,10
32590,2
32591,1
32592,6
32593,17
32594,4
32595,5
32596,5
32597,1
32598,6
32599,3
32600,5
32601,1
32602,1
32603,1
32604,1
32605,2
32606,4
32607,8
32608,6
32609,6
32610,1
32611,4
32612,13
32613,1
32614,2
32615,7
32616,10
32617,1
32618,1
32619,4
32620,1
32621,1
32622,1
32623,1
32624,4
32625,14
32626,2
32627,6
32628,7
32629,1
32630,2
32631,6
32632,5
32633,1
32634,25
32635,1
32636,12
32637,1
32638,4
32639,1
32640,10
32641,5
32642,8
32643,1
32644,8
32645,4
32646,1
32647,4
32648,4
32649,4
32650,5
32651,4
32652,10
32653,5
32654,4
32655,1
32656,1
32657,4
32658,1
32659,4
32660,3
32661,1
32662,2
32663,2
32664,3
32665,1
32666,2
32667,1
32668,4
32669,1
32670,2
32671,1
32672,1
32673,4
32674,2
32675,1
32676,1
32677,1
32678,4
32679,1
32680,14
32681,1
32682,8
32683,1
32684,10
32685,11
32686,2
32687,3
32688,2
32689,4
32690,1
32691,12
32692,5
32693,1
32694,1
32695,3
32696,4
32697,1
32698,5
32699,2
32700,1
32701,1
32702,1
32703,1
32704,2
32705,4
32706,4
32707,7
32708,7
32709,2
32710,9
32711,8
32712,3
32713,4
32714,6
32715,5
32716,4
32717,7
32718,12
32719,1
32720,4
32721,7
32722,7
32723,4
32724,1
32725,1
32726,4
32727,10
32728,2
32729,5
32730,9
32731,2
32732,2
32733,10
32734,6
32735,1
32736,5
32737,2
32738,2
32739,1
32740,4
32741,4
32742,1
32743,1
32744,1
32745,1
32746,1
32747,1
32748,7
32749,1
32750,11
32751,1
32752,7
32753,1
32754,5
32755,5
32756,1
32757,1
32758,1
32759,4
32760,1
32761,1
32762,23
32763,1
32764,5
32765,7
32766,11
32767,7
32768,4
32769,4
32770,1
32771,7
32772,1
32773,1
32774,13
32775,1
32776,1
32777,29
32778,1
32779,2
32780,5
32781,2
32782,4
32783,17
32784,5
32785,5
32786,7
32787,10
32788,5
32789,10
32790,2
32791,4
32792,4
32793,4
32794,1
32795,1
32796,1
32797,1
32798,1
32799,1
32800,1
32801,1
32802,4
32803,7
32804,5
32805,1
32806,1
32807,8
32808,3
32809,2
32810,4
32811,4
32812,7
32813,1
32814,1
32815,4
32816,7
32817,2
32818,2
32819,1
32820,15
32821,1
32822,1
32823,5
32824,1
32825,9
32826,4
32827,7
32828,7
32829,2
32830,4
32831,5
32832,1
32833,4
32834,5
32835,4
32836,2
32837,7
32838,1
32839,2
32840,1
32841,2
32842,1
32843,7
32844,4
32845,4
32846,2
32847,6
32848,4
32849,5
32850,5
32851,1
32852,2
32853,2
32854,2
32855,14
32856,1
32857,1
32858,1
32859,2
32860,4
32861,1
32862,1
32863,11
32864,1
32865,1
32866,1
32867,1
32868,7
32869,5
32870,4
32871,4
32872,1
32873,1
32874,4
32875,7
32876,8
32877,2
32878,1
32879,13
32880,1
32881,2
32882,1
32883,1
32884,8
32885,5
32886,1
32887,3
32888,7
32889,4
32890,1
32891,3
32892,8
32893,2
32894,2
32895,2
32896,1
32897,2
32898,3
32899,1
32900,8
32901,1
32902,6
32903,3
32904,1
32905,1
32906,1
32907,2
32908,7
32909,4
32910,1
32911,2
32912,1
32913,1
32914,2
32915,8
32916,4
32917,1
32918,1
32919,1
32920,12
32921,1
32922,4
32923,1
32924,1
32925,1
32926,10
32927,5
32928,1
32929,1
32930,15
32931,1
32932,5
32933,2
32934,1
32935,4
32936,4
32937,1
32938,1
32939,1
32940,4
32941,2
32942,1
32943,1
32944,1
32945,1
32946,1
32947,8
32948,5
32949,1
32950,1
32951,4
32952,5
32953,4
32954,7
32955,15
32956,7
32957,4
32958,1
32959,8
32960,6
32961,1
32962,1
32963,4
32964,1
32965,4
32966,5
32967,4
32968,4
32969,1
32970,7
32971,14
32972,1
32973,1
32974,1
32975,13
32976,10
32977,5
32978,1
32979,9
32980,1
32981,3
32982,8
32983,2
32984,1
32985,1
32986,1
32987,2
32988,17
32989,1
32990,12
32991,1
32992,11
32993,1
32994,8
32995,7
32996,2
32997,16
32998,1
32999,6
33000,3
33001,2
33002,8
33003,4
33004,1
33005,1
33006,6
33007,1
33008,1
33009,1
33010,5
33011,1
33012,15
33013,1
33014,11
33015,1
33016,2
33017,2
33018,1
33019,1
33020,1
33021,4
33022,4
33023,9
33024,1
33025,30
33026,8
33027,2
33028,2
33029,1
33030,1
33031,1
33032,1
33033,4
33034,3
33035,17
33036,1
33037,5
33038,1
33039,1
33040,5
33041,4
33042,1
33043,6
33044,1
33045,3
33046,1
33047,5
33048,1
33049,1
33050,6
33051,7
33052,1
33053,4
33054,2
33055,1
33056,4
33057,1
33058,1
33059,1
33060,9
33061,10
33062,2
33063,20
33064,8
33065,19
33066,16
33067,10
33068,1
33069,1
33070,4
33071,1
33072,1
33073,5
33074,1
33075,4
33076,7
33077,1
33078,6
33079,1
33080,1
33081,4
33082,1
33083,7
33084,3
33085,4
33086,4
33087,4
33088,1
33089,1
33090,5
33091,1
33092,1
33093,1
33094,1
33095,4
33096,1
33097,1
33098,1
33099,5
33100,6
33101,7
33102,4
33103,10
33104,1
33105,8
33106,2
33107,4
33108,1
33109,5
33110,1
33111,7
33112,4
33113,11
33114,1
33115,13
33116,4
33117,4
33118,5
33119,1
33120,15
33121,4
33122,1
33123,2
33124,3
33125,4
33126,17
33127,1
33128,6
33129,14
33130,4
33131,1
33132,6
33133,1
33134,7
33135,1
33136,4
33137,1
33138,2
33139,1
33140,1
33141,1
33142,4
33143,2
33144,12
33145,1
33146,1
33147,4
33148,4
33149,7
33150,1
33151,1
33152,4
33153,2
33154,1
33155,4
33156,2
33157,2
33158,4
33159,11
33160,10
33161,9
33162,7
33163,1
33164,1
33165,2
33166,2
33167,12
33168,1
33169,8
33170,1
33171,7
33172,7
33173,10
33174,2
33175,4
33176,7
33177,6
33178,1
33179,1
33180,8
33181,1
33182,1
33183,4
33184,5
33185,4
33186,11
33187,4
33188,3
33189,4
33190,13
33191,9
33192,2
33193,15
33194,4
33195,1
33196,1
33197,1
33198,20
33199,1
33200,1
33201,11
33202,19
33203,1
33204,4
33205,1
33206,4
33207,1
33208,4
33209,1
33210,1
33211,1
33212,1
33213,11
33214,2
33215,1
33216,7
33217,4
33218,1
33219,2
33220,13
33221,8
33222,13
33223,1
33224,1
33225,1
33226,2
33227,4
33228,7
33229,7
33230,1
33231,1
33232,2
33233,14
33234,16
33235,1
33236,5
33237,6
33238,1
33239,5
33240,4
33241,2
33242,4
33243,10
33244,1
33245,13
33246,1
33247,8
33248,7
33249,1
33250,1
33251,1
33252,1
33253,1
33254,2
33255,3
33256,4
33257,1
33258,4
33259,1
33260,8
33261,4
33262,1
33263,8
33264,1
33265,22
33266,4
33267,17
33268,5
33269,1
33270,1
33271,4
33272,2
33273,2
33274,2
33275,5
33276,10
33277,16
33278,1
33279,3
33280,14
33281,1
33282,4
33283,8
33284,2
33285,4
33286,9
33287,9
33288,5
33289,1
33290,11
33291,1
33292,2
33293,1
33294,1
33295,2
33296,1
33297,7
33298,7
33299,13
33300,5
33301,1
33302,13
33303,6
33304,11
33305,1
33306,8
33307,1
33308,4
33309,5
33310,1
33311,5
33312,1
33313,10
33314,1
33315,1
33316,1
33317,4
33318,4
33319,1
33320,2
33321,2
33322,6
33323,3
33324,1
33325,1
33326,4
33327,1
33328,5
33329,2
33330,5
33331,1
33332,1
33333,1
33334,1
33335,2
33336,1
33337,12
33338,5
33339,4
33340,8
33341,3
33342,4
33343,4
33344,10
33345,8
33346,1
33347,4
33348,4
33349,5
33350,5
33351,8
33352,1
33353,10
33354,1
33355,4
33356,1
33357,1
33358,1
33359,6
33360,4
33361,12
33362,22
33363,1
33364,8
33365,4
33366,4
33367,10
33368,1
33369,5
33370,1
33371,3
33372,1
33373,5
33374,1
33375,4
33376,1
33377,1
33378,1
33379,1
33380,2
33381,4
33382,1
33383,10
33384,10
33385,1
33386,7
33387,5
33388,2
33389,1
33390,1
33391,2
33392,4
33393,4
33394,20
33395,4
33396,2
33397,1
33398,12
33399,8
33400,1
33401,2
33402,1
33403,1
33404,2
33405,4
33406,1
33407,2
33408,4
33409,1
33410,4
33411,1
33412,1
33413,5
33414,2
33415,2
33416,2
33417,15
33418,1
33419,22
33420,9
33421,2
33422,16
33423,2
33424,2
33425,1
33426,1
33427,7
33428,10
33429,1
33430,22
33431,1
33432,2
33433,5
33434,5
33435,4
33436,4
33437,10
33438,4
33439,1
33440,1
33441,6
33442,1
33443,1
33444,7
33445,6
33446,2
33447,2
33448,1
33449,1
33450,1
33451,5
33452,4
33453,7
33454,6
33455,8
33456,1
33457,1
33458,1
33459,2
33460,6
33461,1
33462,5
33463,1
33464,5
33465,1
33466,13
33467,5
33468,1
33469,7
33470,5
33471,8
33472,2
33473,16
33474,4
33475,1
33476,8
33477,4
33478,2
33479,4
33480,1
33481,5
33482,1
33483,7
33484,5
33485,2
33486,1
33487,1
33488,8
33489,2
33490,1
33491,5
33492,1
33493,4
33494,12
33495,13
33496,2
33497,2
33498,4
33499,15
33500,8
33501,1
33502,4
33503,1
33504,11
33505,4
33506,1
33507,1
33508,5
33509,2
33510,5
33511,4
33512,4
33513,1
33514,1
33515,1
33516,1
33517,3
33518,1
33519,8
33520,3
33521,3
33522,8
33523,2
33524,1
33525,24
33526,1
33527,1
33528,1
33529,4
33530,6
33531,2
33532,1
33533,1
33534,1
33535,1
33536,1
33537,1
33538,5
33539,1
33540,1
33541,4
33542,1
33543,8
33544,8
33545,14
33546,1
33547,10
33548,1
33549,1
33550,1
33551,1
33552,4
33553,7
33554,4
33555,1
33556,4
33557,2
33558,4
33559,3
33560,7
33561,14
33562,5
33563,1
33564,1
33565,11
33566,1
33567,9
33568,9
33569,1
33570,4
33571,5
33572,7
33573,19
33574,3
33575,4
33576,1
33577,1
33578,4
33579,2
33580,4
33581,4
33582,2
33583,1
33584,1
33585,5
33586,1
33587,11
33588,4
33589,1
33590,3
33591,1
33592,4
33593,1
33594,7
33595,2
33596,15
33597,9
33598,1
33599,4
33600,7
33601,1
33602,12
33603,14
33604,3
33605,9
33606,16
33607,1
33608,3
33609,2
33610,5
33611,8
33612,4
33613,1
33614,1
33615,1
33616,2
33617,4
33618,13
33619,1
33620,5
33621,1
33622,1
33623,1
33624,1
33625,4
33626,1
33627,4
33628,7
33629,7
33630,1
33631,10
33632,1
33633,1
33634,2
33635,2
33636,4
33637,4
33638,4
33639,1
33640,7
33641,4
33642,1
33643,2
33644,1
33645,4
33646,2
33647,1
33648,4
33649,11
33650,2
33651,1
33652,1
33653,8
33654,9
33655,1
33656,1
33657,2
33658,1
33659,1
33660,3
33661,7
33662,1
33663,3
33664,1
33665,8
33666,2
33667,1
33668,4
33669,4
33670,4
33671,1
33672,1
33673,2
33674,10
33675,1
33676,1
33677,2
33678,1
33679,5
33680,1
33681,2
33682,1
33683,6
33684,1
33685,1
33686,8
33687,10
33688,1
33689,4
33690,11
33691,3
33692,4
33693,3
33694,2
33695,2
33696,1
33697,4
33698,6
33699,10
33700,10
33701,1
33702,4
33703,4
33704,1
33705,15
33706,2
33707,10
33708,8
33709,4
33710,7
33711,4
33712,8
33713,1
33714,1
33715,1
33716,2
33717,2
33718,2
33719,7
33720,1
33721,1
33722,5
33723,1
33724,7
33725,6
33726,6
33727,8
33728,8
33729,1
33730,5
33731,10
33732,11
33733,1
33734,1
33735,5
33736,4
33737,6
33738,16
33739,4
33740,10
33741,1
33742,1
33743,1
33744,6
33745,4
33746,1
33747,5
33748,4
33749,1
33750,4
33751,2
33752,1
33753,7
33754,1
33755,1
33756,4
33757,4
33758,10
33759,7
33760,1
33761,5
33762,5
33763,1
33764,1
33765,1
33766,3
33767,1
33768,7
33769,2
33770,1
33771,2
33772,1
33773,4
33774,7
33775,7
33776,5
33777,1
33778,1
33779,1
33780,3
33781,1
33782,2
33783,1
33784,6
33785,1
33786,6
33787,1
33788,5
33789,6
33790,1
33791,1
33792,4
33793,10
33794,1
33795,2
33796,1
33797,1
33798,9
33799,4
33800,1
33801,1
33802,1
33803,1
33804,2
33805,1
33806,4
33807,2
33808,1
33809,7
33810,7
33811,4
33812,5
33813,5
33814,1
33815,2
33816,2
33817,3
33818,1
33819,11
33820,3
33821,1
33822,1
33823,1
33824,1
33825,2
33826,1
33827,5
33828,8
33829,5
33830,4
33831,4
33832,1
33833,14
33834,1
33835,1
33836,4
33837,4
33838,4
33839,11
33840,2
33841,2
33842,1
33843,1
33844,1
33845,1
33846,1
33847,3
33848,5
33849,1
33850,4
33851,7
33852,4
33853,6
33854,5
33855,5
33856,11
33857,1
33858,1
33859,8
33860,4
33861,4
33862,1
33863,1
33864,1
33865,10
33866,1
33867,1
33868,9
33869,17
33870,5
33871,7
33872,1
33873,1
33874,1
33875,1
33876,1
33877,1
33878,2
33879,4
33880,1
33881,1
33882,5
33883,7
33884,5
33885,1
33886,5
33887,1
33888,2
33889,2
33890,4
33891,4
33892,3
33893,5
33894,14
33895,1
33896,8
33897,1
33898,3
33899,1
33900,10
33901,1
33902,1
33903,15
33904,1
33905,7
33906,6
33907,1
33908,7
33909,4
33910,1
33911,5
33912,2
33913,9
33914,1
33915,1
33916,1
33917,1
33918,13
33919,1
33920,2
33921,4
33922,2
33923,4
33924,1
33925,11
33926,2
33927,1
33928,1
33929,8
33930,10
33931,1
33932,1
33933,3
33934,4
33935,4
33936,2
33937,1
33938,12
33939,2
33940,10
33941,10
33942,4
33943,1
33944,1
33945,4
33946,3
33947,1
33948,5
33949,4
33950,2
33951,7
33952,1
33953,5
33954,4
33955,3
33956,1
33957,7
33958,3
33959,1
33960,1
33961,3
33962,4
33963,5
33964,4
33965,8
33966,1
33967,4
33968,7
33969,8
33970,2
33971,2
33972,7
33973,2
33974,4
33975,4
33976,8
33977,4
33978,10
33979,1
33980,8
33981,4
33982,4
33983,4
33984,1
33985,8
33986,2
33987,2
33988,14
33989,2
33990,1
33991,5
33992,2
33993,1
33994,4
33995,10
33996,5
33997,4
33998,13
33999,9
34000,3
34001,7
34002,4
34003,1
34004,1
34005,3
34006,7
34007,1
34008,3
34009,27
34010,1
34011,6
34012,4
34013,4
34014,4
34015,4
34016,4
34017,1
34018,1
34019,1
34020,1
34021,2
34022,2
34023,1
34024,3
34025,1
34026,1
34027,1
34028,4
34029,4
34030,7
34031,1
34032,1
34033,5
34034,4
34035,2
34036,4
34037,1
34038,1
34039,13
34040,1
34041,2
34042,7
34043,4
34044,4
34045,32
34046,4
34047,2
34048,5
34049,1
34050,1
34051,4
34052,1
34053,2
34054,4
34055,2
34056,5
34057,1
34058,7
34059,5
34060,3
34061,2
34062,8
34063,5
34064,5
34065,7
34066,1
34067,7
34068,4
34069,4
34070,5
34071,1
34072,4
34073,1
34074,15
34075,1
34076,13
34077,7
34078,13
34079,1
34080,1
34081,5
34082,1
34083,1
34084,8
34085,4
34086,11
34087,1
34088,1
34089,4
34090,1
34091,7
34092,1
34093,4
34094,6
34095,16
34096,8
34097,1
34098,2
34099,1
34100,8
34101,1
34102,8
34103,1
34104,1
34105,1
34106,5
34107,2
34108,2
34109,3
34110,1
34111,1
34112,2
34113,1
34114,7
34115,1
34116,4
34117,10
34118,4
34119,9
34120,4
34121,1
34122,4
34123,4
34124,7
34125,4
34126,2
34127,2
34128,1
34129,8
34130,1
34131,7
34132,2
34133,18
34134,4
34135,1
34136,7
34137,1
34138,3
34139,2
34140,10
34141,22
34142,2
34143,1
34144,23
34145,6
34146,2
34147,5
34148,3
34149,4
34150,6
34151,13
34152,1
34153,8
34154,5
34155,1
34156,1
34157,12
34158,1
34159,2
34160,2
34161,1
34162,1
34163,7
34164,3
34165,1
34166,1
34167,1
34168,5
34169,1
34170,4
34171,1
34172,1
34173,2
34174,4
34175,1
34176,3
34177,8
34178,1
34179,5
34180,4
34181,1
34182,5
34183,1
34184,4
34185,6
34186,5
34187,4
34188,14
34189,1
34190,2
34191,1
34192,8
34193,1
34194,1
34195,5
34196,1
34197,4
34198,1
34199,3
34200,5
34201,1
34202,1
34203,2
34204,19
34205,4
34206,5
34207,5
34208,8
34209,1
34210,1
34211,1
34212,7
34213,2
34214,4
34215,4
34216,1
34217,7
34218,1
34219,2
34220,2
34221,2
34222,5
34223,2
34224,1
34225,23
34226,8
34227,5
34228,1
34229,4
34230,1
34231,2
34232,5
34233,1
34234,1
34235,18
34236,8
34237,10
34238,1
34239,4
34240,1
34241,4
34242,1
34243,2
34244,1
34245,4
34246,2
34247,2
34248,1
34249,1
34250,5
34251,3
34252,2
34253,5
34254,2
34255,1
34256,4
34257,6
34258,1
34259,8
34260,1
34261,2
34262,6
34263,1
34264,1
34265,7
34266,1
34267,10
34268,1
34269,5
34270,2
34271,1
34272,4
34273,1
34274,3
34275,6
34276,1
34277,1
34278,5
34279,4
34280,2
34281,1
34282,6
34283,1
34284,4
34285,2
34286,5
34287,2
34288,2
34289,7
34290,13
34291,12
34292,2
34293,7
34294,6
34295,1
34296,1
34297,1
34298,4
34299,1
34300,2
34301,1
34302,1
34303,7
34304,2
34305,7
34306,2
34307,3
34308,3
34309,8
34310,4
34311,3
34312,4
34313,5
34314,10
34315,10
34316,1
34317,18
34318,5
34319,6
34320,19
34321,5
34322,1
34323,5
34324,10
34325,1
34326,4
34327,5
34328,11
34329,1
34330,2
34331,5
34332,1
34333,1
34334,1
34335,1
34336,8
34337,1
34338,4
34339,6
34340,10
34341,1
34342,5
34343,1
34344,4
34345,2
34346,1
34347,2
34348,1
34349,1
34350,1
34351,1
34352,1
34353,3
34354,11
34355,1
34356,1
34357,2
34358,14
34359,16
34360,2
34361,5
34362,5
34363,1
34364,1
34365,14
34366,2
34367,5
34368,4
34369,4
34370,1
34371,6
34372,2
34373,1
34374,2
34375,7
34376,4
34377,5
34378,4
34379,1
34380,9
34381,1
34382,2
34383,6
34384,9
34385,8
34386,8
34387,8
34388,1
34389,4
34390,4
34391,4
34392,1
34393,1
34394,2
34395,16
34396,11
34397,1
34398,2
34399,1
34400,12
34401,5
34402,1
34403,1
34404,2
34405,11
34406,1
34407,1
34408,4
34409,1
34410,1
34411,24
34412,4
34413,4
34414,5
34415,4
34416,1
34417,4
34418,2
34419,1
34420,1
34421,7
34422,5
34423,1
34424,4
34425,1
34426,7
34427,14
34428,1
34429,1
34430,8
34431,3
34432,1
34433,1
34434,13
34435,2
34436,4
34437,2
34438,8
34439,7
34440,1
34441,5
34442,3
34443,1
34444,1
34445,2
34446,1
34447,6
34448,1
34449,8
34450,1
34451,4
34452,4
34453,3
34454,4
34455,4
34456,4
34457,6
34458,5
34459,3
34460,1
34461,5
34462,4
34463,1
34464,1
34465,2
34466,1
34467,4
34468,1
34469,4
34470,7
34471,1
34472,11
34473,1
34474,8
34475,4
34476,1
34477,1
34478,1
34479,10
34480,4
34481,5
34482,15
34483,1
34484,1
34485,2
34486,9
34487,10
34488,2
34489,1
34490,1
34491,1
34492,1
34493,14
34494,7
34495,14
34496,5
34497,4
34498,8
34499,2
34500,1
34501,1
34502,2
34503,5
34504,4
34505,4
34506,5
34507,1
34508,1
34509,2
34510,2
34511,1
34512,6
34513,2
34514,1
34515,1
34516,7
34517,1
34518,2
34519,1
34520,14
34521,8
34522,7
34523,1
34524,2
34525,13
34526,1
34527,5
34528,4
34529,1
34530,2
34531,5
34532,1
34533,8
34534,19
34535,9
34536,1
34537,1
34538,4
34539,19
34540,1
34541,1
34542,10
34543,4
34544,3
34545,11
34546,4
34547,2
34548,11
34549,1
34550,1
34551,1
34552,1
34553,1
34554,1
34555,6
34556,3
34557,1
34558,7
34559,2
34560,4
34561,4
34562,1
34563,2
34564,1
34565,1
34566,1
34567,4
34568,1
34569,4
34570,4
34571,7
34572,1
34573,11
34574,7
34575,7
34576,1
34577,4
34578,15
34579,26
34580,2
34581,1
34582,1
34583,2
34584,5
34585,7
34586,3
34587,1
34588,6
34589,5
34590,1
34591,2
34592,2
34593,1
34594,1
34595,3
34596,2
34597,1
34598,1
34599,1
34600,1
34601,2
34602,4
34603,4
34604,4
34605,3
34606,1
34607,8
34608,1
34609,11
34610,20
34611,16
34612,1
34613,10
34614,5
34615,7
34616,1
34617,1
34618,1
34619,4
34620,4
34621,1
34622,1
34623,5
34624,11
34625,1
34626,6
34627,2
34628,2
34629,1
34630,5
34631,1
34632,1
34633,7
34634,1
34635,1
34636,11
34637,1
34638,2
34639,3
34640,7
34641,1
34642,1
34643,1
34644,2
34645,1
34646,4
34647,3
34648,1
34649,1
34650,7
34651,4
34652,1
34653,9
34654,1
34655,1
34656,7
34657,4
34658,1
34659,1
34660,1
34661,2
34662,1
34663,1
34664,4
34665,1
34666,2
34667,8
34668,1
34669,1
34670,1
34671,12
34672,8
34673,1
34674,4
34675,1
34676,7
34677,21
34678,1
34679,1
34680,1
34681,1
34682,2
34683,1
34684,1
34685,1
34686,4
34687,7
34688,1
34689,4
34690,4
34691,2
34692,9
34693,9
34694,2
34695,2
34696,1
34697,1
34698,1
34699,1
34700,1
34701,3
34702,1
34703,1
34704,7
34705,5
34706,4
34707,8
34708,8
34709,2
34710,11
34711,1
34712,4
34713,4
34714,1
34715,1
34716,4
34717,7
34718,10
34719,1
34720,5
34721,1
34722,2
34723,1
34724,7
34725,14
34726,5
34727,11
34728,4
34729,5
34730,1
34731,3
34732,1
34733,8
34734,1
34735,7
34736,2
34737,7
34738,2
34739,2
34740,5
34741,5
34742,4
34743,5
34744,2
34745,4
34746,1
34747,20
34748,14
34749,15
34750,1
34751,4
34752,4
34753,1
34754,5
34755,1
34756,5
34757,1
34758,1
34759,16
34760,10
34761,2
34762,1
34763,1
34764,1
34765,1
34766,4
34767,4
34768,1
34769,4
34770,6
34771,4
34772,1
34773,2
34774,1
34775,1
34776,8
34777,12
34778,2
34779,1
34780,1
34781,1
34782,19
34783,1
34784,8
34785,12
34786,4
34787,3
34788,1
34789,16
34790,1
34791,15
34792,7
34793,4
34794,5
34795,11
34796,4
34797,4
34798,1
34799,3
34800,7
34801,4
34802,2
34803,1
34804,10
34805,1
34806,5
34807,1
34808,16
34809,1
34810,1
34811,8
34812,2
34813,3
34814,1
34815,9
34816,14
34817,13
34818,4
34819,2
34820,8
34821,1
34822,3
34823,4
34824,2
34825,2
34826,7
34827,4
34828,1
34829,1
34830,6
34831,1
34832,1
34833,5
34834,1
34835,2
34836,4
34837,1
34838,1
34839,2
34840,1
34841,5
34842,1
34843,6
34844,1
34845,3
34846,7
34847,1
34848,14
34849,1
34850,4
34851,5
34852,7
34853,1
34854,2
34855,14
34856,1
34857,1
34858,1
34859,4
34860,1
34861,4
34862,2
34863,14
34864,8
34865,3
34866,7
34867,10
34868,10
34869,7
34870,2
34871,3
34872,7
34873,1
34874,1
34875,1
34876,1
34877,2
34878,2
34879,2
34880,1
34881,8
34882,1
34883,18
34884,7
34885,16
34886,1
34887,1
34888,1
34889,1
34890,1
34891,1
34892,1
34893,1
34894,1
34895,6
34896,1
34897,3
34898,1
34899,2
34900,1
34901,2
34902,2
34903,1
34904,5
34905,1
34906,14
34907,1
34908,1
34909,7
34910,2
34911,12
34912,10
34913,1
34914,6
34915,5
34916,1
34917,4
34918,2
34919,10
34920,1
34921,1
34922,6
34923,1
34924,1
34925,1
34926,1
34927,10
34928,2
34929,5
34930,6
34931,4
34932,12
34933,4
34934,1
34935,2
34936,2
34937,2
34938,1
34939,5
34940,1
34941,4
34942,12
34943,1
34944,4
34945,1
34946,9
34947,4
34948,19
34949,1
34950,1
34951,1
34952,2
34953,1
34954,16
34955,1
34956,1
34957,7
34958,1
34959,5
34960,1
34961,9
34962,1
34963,2
34964,1
34965,1
34966,28
34967,1
34968,1
34969,1
34970,12
34971,1
34972,1
34973,1
34974,4
34975,3
34976,2
34977,10
34978,1
34979,9
34980,1
34981,3
34982,1
34983,2
34984,6
34985,1
34986,1
34987,1
34988,1
34989,1
34990,4
34991,1
34992,1
34993,1
34994,1
34995,1
34996,1
34997,2
34998,1
34999,8
35000,3
35001,4
35002,1
35003,22
35004,1
35005,8
35006,4
35007,2
35008,1
35009,1
35010,1
35011,3
35012,1
35013,1
35014,4
35015,1
35016,9
35017,1
35018,4
35019,4
35020,13
35021,1
35022,3
35023,11
35024,1
35025,1
35026,5
35027,13
35028,2
35029,1
35030,1
35031,3
35032,4
35033,7
35034,1
35035,1
35036,8
35037,1
35038,4
35039,1
35040,1
35041,1
35042,5
35043,3
35044,10
35045,1
35046,4
35047,1
35048,10
35049,1
35050,1
35051,9
35052,4
35053,7
35054,4
35055,2
35056,1
35057,6
35058,2
35059,1
35060,4
35061,12
35062,2
35063,1
35064,4
35065,5
35066,6
35067,1
35068,1
35069,5
35070,2
35071,6
35072,7
35073,7
35074,1
35075,8
35076,3
35077,3
35078,5
35079,1
35080,3
35081,3
35082,2
35083,1
35084,1
35085,7
35086,2
35087,4
35088,5
35089,11
35090,4
35091,1
35092,3
35093,1
35094,1
35095,16
35096,9
35097,1
35098,13
35099,4
35100,1
35101,1
35102,1
35103,14
35104,1
35105,11
35106,7
35107,1
35108,4
35109,3
35110,12
35111,4
35112,4
35113,4
35114,2
35115,1
35116,1
35117,1
35118,10
35119,1
35120,3
35121,1
35122,1
35123,2
35124,1
35125,1
35126,8
35127,2
35128,1
35129,13
35130,2
35131,1
35132,1
35133,4
35134,5
35135,1
35136,1
35137,2
35138,1
35139,1
35140,5
35141,4
35142,7
35143,7
35144,5
35145,4
35146,1
35147,8
35148,1
35149,2
35150,2
35151,11
35152,8
35153,11
35154,5
35155,3
35156,2
35157,1
35158,1
35159,2
35160,6
35161,1
35162,5
35163,3
35164,8
35165,3
35166,4
35167,5
35168,10
35169,1
35170,3
35171,1
35172,3
35173,1
35174,4
35175,3
35176,1
35177,11
35178,10
35179,1
35180,1
35181,4
35182,4
35183,4
35184,1
35185,4
35186,3
35187,1
35188,1
35189,8
35190,7
35191,5
35192,1
35193,1
35194,1
35195,4
35196,4
35197,1
35198,1
35199,8
35200,3
35201,4
35202,7
35203,1
35204,4
35205,1
35206,1
35207,2
35208,1
35209,11
35210,10
35211,3
35212,1
35213,1
35214,5
35215,2
35216,2
35217,2
35218,4
35219,3
35220,3
35221,19
35222,4
35223,7
35224,1
35225,2
35226,1
35227,5
35228,4
35229,7
35230,2
35231,1
35232,13
35233,1
35234,1
35235,8
35236,1
35237,5
35238,4
35239,8
35240,10
35241,5
35242,4
35243,5
35244,1
35245,1
35246,1
35247,1
35248,2
35249,16
35250,3
35251,4
35252,4
35253,7
35254,1
35255,4
35256,5
35257,1
35258,3
35259,4
35260,2
35261,2
35262,1
35263,1
35264,7
35265,2
35266,1
35267,10
35268,9
35269,11
35270,1
35271,1
35272,1
35273,14
35274,2
35275,1
35276,2
35277,4
35278,5
35279,2
35280,1
35281,1
35282,6
35283,17
35284,1
35285,4
35286,12
35287,1
35288,4
35289,7
35290,4
35291,7
35292,7
35293,5
35294,8
35295,1
35296,4
35297,3
35298,1
35299,17
35300,3
35301,2
35302,1
35303,7
35304,1
35305,7
35306,1
35307,3
35308,8
35309,11
35310,5
35311,7
35312,1
35313,4
35314,1
35315,1
35316,1
35317,4
35318,2
35319,1
35320,3
35321,4
35322,4
35323,1
35324,1
35325,4
35326,2
35327,7
35328,1
35329,17
35330,2
35331,4
35332,1
35333,2
35334,6
35335,1
35336,1
35337,2
35338,5
35339,1
35340,1
35341,1
35342,4
35343,3
35344,4
35345,5
35346,1
35347,1
35348,4
35349,7
35350,5
35351,10
35352,14
35353,4
35354,5
35355,3
35356,1
35357,1
35358,5
35359,1
35360,1
35361,2
35362,16
35363,5
35364,10
35365,7
35366,4
35367,4
35368,4
35369,8
35370,4
35371,8
35372,4
35373,7
35374,10
35375,1
35376,11
35377,18
35378,1
35379,1
35380,1
35381,2
35382,9
35383,2
35384,3
35385,4
35386,7
35387,2
35388,1
35389,1
35390,2
35391,1
35392,4
35393,1
35394,2
35395,2
35396,4
35397,3
35398,11
35399,1
35400,4
35401,2
35402,3
35403,8
35404,9
35405,4
35406,5
35407,9
35408,5
35409,2
35410,1
35411,6
35412,7
35413,5
35414,6
35415,18
35416,1
35417,1
35418,1
35419,4
35420,1
35421,4
35422,6
35423,4
35424,29
35425,1
35426,4
35427,1
35428,12
35429,6
35430,5
35431,5
35432,1
35433,7
35434,6
35435,1
35436,4
35437,1
35438,6
35439,7
35440,1
35441,1
35442,1
35443,10
35444,7
35445,5
35446,6
35447,11
35448,4
35449,2
35450,4
35451,4
35452,1
35453,1
35454,5
35455,4
35456,1
35457,4
35458,10
35459,7
35460,2
35461,1
35462,8
35463,1
35464,4
35465,8
35466,1
35467,16
35468,5
35469,1
35470,4
35471,1
35472,1
35473,1
35474,6
35475,1
35476,10
35477,1
35478,1
35479,2
35480,4
35481,1
35482,6
35483,4
35484,2
35485,1
35486,17
35487,4
35488,4
35489,1
35490,4
35491,7
35492,2
35493,1
35494,1
35495,4
35496,1
35497,1
35498,3
35499,10
35500,3
35501,1
35502,8
35503,2
35504,5
35505,2
35506,5
35507,5
35508,1
35509,1
35510,4
35511,1
35512,1
35513,2
35514,5
35515,4
35516,1
35517,2
35518,1
35519,5
35520,9
35521,1
35522,3
35523,1
35524,8
35525,5
35526,1
35527,4
35528,1
35529,2
35530,7
35531,1
35532,5
35533,3
35534,1
35535,1
35536,5
35537,3
35538,22
35539,5
35540,2
35541,2
35542,2
35543,1
35544,1
35545,1
35546,5
35547,3
35548,4
35549,1
35550,4
35551,1
35552,1
35553,4
35554,4
35555,3
35556,2
35557,2
35558,4
35559,1
35560,4
35561,1
35562,3
35563,7
35564,1
35565,1
35566,4
35567,4
35568,8
35569,1
35570,1
35571,18
35572,5
35573,2
35574,1
35575,1
35576,8
35577,2
35578,4
35579,1
35580,2
35581,4
35582,4
35583,5
35584,11
35585,4
35586,4
35587,5
35588,2
35589,12
35590,1
35591,1
35592,2
35593,1
35594,10
35595,17
35596,2
35597,5
35598,4
35599,1
35600,2
35601,1
35602,9
35603,10
35604,1
35605,2
35606,2
35607,2
35608,4
35609,5
35610,3
35611,2
35612,4
35613,1
35614,1
35615,10
35616,2
35617,1
35618,1
35619,3
35620,1
35621,1
35622,16
35623,4
35624,4
35625,1
35626,4
35627,3
35628,1
35629,1
35630,1
35631,4
35632,1
35633,1
35634,12
35635,3
35636,4
35637,9
35638,4
35639,1
35640,2
35641,5
35642,1
35643,1
35644,2
35645,7
35646,11
35647,8
35648,7
35649,1
35650,6
35651,4
35652,5
35653,10
35654,1
35655,1
35656,7
35657,4
35658,1
35659,4
35660,8
35661,4
35662,1
35663,1
35664,7
35665,4
35666,25
35667,14
35668,2
35669,8
35670,1
35671,11
35672,4
35673,7
35674,3
35675,4
35676,7
35677,1
35678,4
35679,4
35680,7
35681,1
35682,1
35683,25
35684,4
35685,1
35686,1
35687,4
35688,4
35689,4
35690,5
35691,1
35692,1
35693,1
35694,1
35695,7
35696,1
35697,1
35698,1
35699,1
35700,1
35701,25
35702,2
35703,1
35704,5
35705,4
35706,1
35707,1
35708,1
35709,1
35710,1
35711,1
35712,1
35713,1
35714,5
35715,4
35716,1
35717,5
35718,1
35719,4
35720,4
35721,5
35722,6
35723,14
35724,1
35725,4
35726,11
35727,1
35728,11
35729,1
35730,4
35731,7
35732,4
35733,11
35734,4
35735,11
35736,1
35737,1
35738,3
35739,7
35740,1
35741,1
35742,14
35743,4
35744,1
35745,2
35746,5
35747,2
35748,4
35749,4
35750,2
35751,5
35752,9
35753,4
35754,7
35755,6
35756,2
35757,10
35758,4
35759,1
35760,1
35761,3
35762,4
35763,1
35764,8
35765,8
35766,2
35767,2
35768,6
35769,1
35770,4
35771,1
35772,14
35773,1
35774,4
35775,3
35776,1
35777,1
35778,7
35779,2
35780,5
35781,2
35782,4
35783,1
35784,1
35785,5
35786,4
35787,5
35788,1
35789,14
35790,3
35791,1
35792,2
35793,1
35794,1
35795,1
35796,2
35797,2
35798,4
35799,1
35800,1
35801,14
35802,4
35803,13
35804,4
35805,4
35806,5
35807,2
35808,7
35809,8
35810,7
35811,4
35812,4
35813,1
35814,1
35815,5
35816,4
35817,1
35818,4
35819,9
35820,3
35821,4
35822,4
35823,4
35824,2
35825,4
35826,4
35827,2
35828,1
35829,1
35830,4
35831,5
35832,4
35833,1
35834,4
35835,3
35836,4
35837,1
35838,6
35839,1
35840,4
35841,4
35842,6
35843,1
35844,3
35845,16
35846,1
35847,7
35848,2
35849,8
35850,6
35851,7
35852,10
35853,2
35854,1
35855,7
35856,10
35857,1
35858,7
35859,1
35860,8
35861,7
35862,1
35863,2
35864,20
35865,1
35866,1
35867,1
35868,1
35869,8
35870,4
35871,1
35872,4
35873,1
35874,3
35875,10
35876,7
35877,13
35878,2
35879,2
35880,15
35881,10
35882,8
35883,7
35884,1
35885,1
35886,1
35887,4
35888,6
35889,4
35890,5
35891,5
35892,1
35893,1
35894,1
35895,3
35896,1
35897,5
35898,4
35899,5
35900,4
35901,3
35902,11
35903,6
35904,1
35905,5
35906,2
35907,2
35908,8
35909,4
35910,4
35911,2
35912,1
35913,2
35914,1
35915,4
35916,8
35917,4
35918,2
35919,1
35920,13
35921,1
35922,14
35923,2
35924,3
35925,11
35926,5
35927,6
35928,7
35929,2
35930,3
35931,4
35932,7
35933,1
35934,4
35935,8
35936,2
35937,4
35938,1
35939,7
35940,4
35941,1
35942,1
35943,1
35944,16
35945,1
35946,4
35947,1
35948,1
35949,2
35950,1
35951,2
35952,1
35953,4
35954,13
35955,3
35956,1
35957,1
35958,7
35959,5
35960,2
35961,1
35962,3
35963,9
35964,11
35965,5
35966,8
35967,1
35968,8
35969,15
35970,7
35971,15
35972,2
35973,2
35974,4
35975,6
35976,5
35977,2
35978,2
35979,2
35980,1
35981,1
35982,1
35983,7
35984,2
35985,2
35986,1
35987,4
35988,1
35989,1
35990,3
35991,1
35992,7
35993,1
35994,1
35995,1
35996,11
35997,7
35998,1
35999,3
36000,5
36001,1
36002,1
36003,5
36004,1
36005,7
36006,4
36007,1
36008,1
36009,2
36010,5
36011,4
36012,1
36013,4
36014,1
36015,11
36016,3
36017,2
36018,4
36019,1
36020,1
36021,2
36022,17
36023,1
36024,1
36025,4
36026,4
36027,7
36028,9
36029,4
36030,5
36031,3
36032,1
36033,4
36034,1
36035,1
36036,4
36037,5
36038,1
36039,2
36040,3
36041,1
36042,2
36043,1
36044,1
36045,1
36046,8
36047,4
36048,2
36049,4
36050,13
36051,1
36052,5
36053,4
36054,1
36055,4
36056,4
36057,13
36058,2
36059,5
36060,7
36061,5
36062,4
36063,6
36064,10
36065,1
36066,7
36067,1
36068,5
36069,1
36070,4
36071,5
36072,1
36073,1
36074,3
36075,4
36076,1
36077,4
36078,9
36079,7
36080,2
36081,5
36082,4
36083,1
36084,1
36085,7
36086,3
36087,5
36088,1
36089,10
36090,2
36091,1
36092,2
36093,4
36094,2
36095,2
36096,5
36097,4
36098,1
36099,2
36100,4
36101,4
36102,7
36103,6
36104,1
36105,1
36106,1
36107,8
36108,4
36109,1
36110,11
36111,1
36112,1
36113,1
36114,4
36115,9
36116,1
36117,1
36118,8
36119,4
36120,10
36121,2
36122,1
36123,4
36124,4
36125,2
36126,4
36127,2
36128,2
36129,5
36130,1
36131,7
36132,4
36133,1
36134,1
36135,1
36136,1
36137,25
36138,1
36139,1
36140,7
36141,19
36142,13
36143,6
36144,5
36145,3
36146,5
36147,5
36148,11
36149,2
36150,16
36151,1
36152,2
36153,1
36154,4
36155,10
36156,1
36157,1
36158,16
36159,1
36160,1
36161,7
36162,1
36163,13
36164,1
36165,1
36166,3
36167,4
36168,2
36169,5
36170,1
36171,7
36172,13
36173,4
36174,1
36175,1
36176,8
36177,1
36178,17
36179,7
36180,1
36181,1
36182,4
36183,7
36184,4
36185,2
36186,11
36187,1
36188,14
36189,6
36190,1
36191,4
36192,1
36193,5
36194,7
36195,1
36196,3
36197,3
36198,5
36199,12
36200,2
36201,9
36202,1
36203,1
36204,4
36205,1
36206,5
36207,1
36208,1
36209,1
36210,1
36211,1
36212,1
36213,1
36214,3
36215,4
36216,1
36217,11
36218,4
36219,2
36220,1
36221,8
36222,1
36223,15
36224,1
36225,2
36226,5
36227,1
36228,4
36229,2
36230,7
36231,4
36232,7
36233,1
36234,1
36235,2
36236,11
36237,2
36238,1
36239,1
36240,10
36241,2
36242,1
36243,4
36244,1
36245,1
36246,1
36247,3
36248,5
36249,1
36250,1
36251,1
36252,5
36253,7
36254,5
36255,4
36256,1
36257,6
36258,1
36259,5
36260,1
36261,12
36262,7
36263,5
36264,1
36265,4
36266,1
36267,7
36268,4
36269,14
36270,1
36271,1
36272,5
36273,7
36274,1
36275,1
36276,14
36277,5
36278,7
36279,8
36280,1
36281,7
36282,1
36283,11
36284,4
36285,1
36286,1
36287,4
36288,3
36289,1
36290,1
36291,10
36292,5
36293,1
36294,1
36295,1
36296,4
36297,2
36298,1
36299,7
36300,23
36301,13
36302,1
36303,2
36304,1
36305,19
36306,7
36307,1
36308,4
36309,3
36310,4
36311,1
36312,7
36313,2
36314,9
36315,2
36316,1
36317,19
36318,4
36319,1
36320,1
36321,2
36322,7
36323,5
36324,2
36325,1
36326,5
36327,1
36328,1
36329,2
36330,4
36331,8
36332,2
36333,8
36334,1
36335,4
36336,6
36337,2
36338,2
36339,1
36340,11
36341,10
36342,4
36343,5
36344,4
36345,2
36346,5
36347,4
36348,2
36349,1
36350,1
36351,1
36352,1
36353,3
36354,4
36355,4
36356,1
36357,1
36358,1
36359,4
36360,16
36361,7
36362,1
36363,6
36364,8
36365,1
36366,4
36367,1
36368,2
36369,4
36370,11
36371,1
36372,4
36373,4
36374,10
36375,6
36376,5
36377,4
36378,7
36379,1
36380,5
36381,4
36382,7
36383,7
36384,1
36385,1
36386,1
36387,8
36388,4
36389,1
36390,4
36391,5
36392,1
36393,2
36394,4
36395,6
36396,2
36397,1
36398,1
36399,2
36400,1
36401,12
36402,5
36403,1
36404,6
36405,2
36406,4
36407,4
36408,1
36409,5
36410,6
36411,8
36412,16
36413,1
36414,15
36415,1
36416,11
36417,9
36418,1
36419,4
36420,1
36421,2
36422,1
36423,1
36424,7
36425,1
36426,13
36427,6
36428,1
36429,4
36430,1
36431,2
36432,1
36433,2
36434,4
36435,1
36436,1
36437,1
36438,2
36439,7
36440,7
36441,4
36442,6
36443,10
36444,5
36445,2
36446,1
36447,2
36448,1
36449,5
36450,4
36451,1
36452,2
36453,1
36454,3
36455,1
36456,16
36457,4
36458,1
36459,4
36460,1
36461,5
36462,7
36463,1
36464,1
36465,4
36466,1
36467,1
36468,2
36469,3
36470,4
36471,2
36472,4
36473,1
36474,4
36475,1
36476,1
36477,25
36478,2
36479,7
36480,1
36481,2
36482,2
36483,1
36484,13
36485,1
36486,7
36487,7
36488,1
36489,1
36490,1
36491,5
36492,2
36493,1
36494,1
36495,4
36496,1
36497,7
36498,1
36499,5
36500,7
36501,1
36502,1
36503,1
36504,4
36505,5
36506,2
36507,10
36508,4
36509,1
36510,18
36511,1
36512,1
36513,2
36514,4
36515,1
36516,2
36517,7
36518,1
36519,3
36520,1
36521,2
36522,2
36523,1
36524,1
36525,2
36526,6
36527,2
36528,1
36529,6
36530,1
36531,2
36532,2
36533,1
36534,1
36535,1
36536,2
36537,2
36538,1
36539,4
36540,7
36541,1
36542,4
36543,4
36544,14
36545,4
36546,4
36547,1
36548,2
36549,2
36550,1
36551,2
36552,6
36553,1
36554,5
36555,4
36556,4
36557,10
36558,1
36559,4
36560,4
36561,1
36562,1
36563,15
36564,7
36565,1
36566,4
36567,1
36568,5
36569,3
36570,5
36571,10
36572,4
36573,2
36574,1
36575,1
36576,6
36577,2
36578,1
36579,10
36580,3
36581,10
36582,1
36583,5
36584,1
36585,2
36586,4
36587,17
36588,4
36589,1
36590,1
36591,1
36592,4
36593,15
36594,1
36595,5
36596,11
36597,1
36598,5
36599,4
36600,10
36601,1
36602,2
36603,2
36604,11
36605,3
36606,1
36607,1
36608,5
36609,1
36610,3
36611,5
36612,1
36613,5
36614,3
36615,6
36616,3
36617,6
36618,10
36619,1
36620,5
36621,2
36622,1
36623,9
36624,11
36625,1
36626,1
36627,2
36628,1
36629,1
36630,4
36631,1
36632,4
36633,1
36634,5
36635,1
36636,1
36637,1
36638,2
36639,2
36640,9
36641,2
36642,1
36643,1
36644,2
36645,2
36646,4
36647,5
36648,19
36649,1
36650,19
36651,1
36652,1
36653,10
36654,3
36655,1
36656,4
36657,8
36658,2
36659,2
36660,3
36661,1
36662,1
36663,6
36664,7
36665,2
36666,1
36667,1
36668,5
36669,4
36670,4
36671,1
36672,2
36673,2
36674,4
36675,1
36676,4
36677,1
36678,1
36679,23
36680,1
36681,11
36682,1
36683,1
36684,7
36685,7
36686,1
36687,1
36688,4
36689,1
36690,2
36691,1
36692,2
36693,2
36694,1
36695,1
36696,1
36697,2
36698,9
36699,2
36700,1
36701,1
36702,1
36703,1
36704,2
36705,1
36706,1
36707,1
36708,4
36709,1
36710,12
36711,6
36712,4
36713,1
36714,5
36715,4
36716,3
36717,3
36718,4
36719,1
36720,2
36721,1
36722,6
36723,7
36724,11
36725,3
36726,1
36727,4
36728,6
36729,1
36730,4
36731,4
36732,1
36733,5
36734,1
36735,7
36736,2
36737,3
36738,4
36739,1
36740,2
36741,1
36742,8
36743,9
36744,10
36745,4
36746,2
36747,1
36748,1
36749,1
36750,7
36751,2
36752,1
36753,1
36754,9
36755,5
36756,1
36757,1
36758,2
36759,7
36760,3
36761,1
36762,7
36763,3
36764,4
36765,1
36766,4
36767,1
36768,1
36769,5
36770,2
36771,12
36772,3
36773,4
36774,4
36775,4
36776,2
36777,6
36778,4
36779,4
36780,6
36781,1
36782,3
36783,2
36784,10
36785,1
36786,7
36787,1
36788,1
36789,5
36790,10
36791,1
36792,3
36793,10
36794,1
36795,5
36796,2
36797,10
36798,1
36799,1
36800,26
36801,3
36802,1
36803,1
36804,1
36805,16
36806,1
36807,4
36808,1
36809,4
36810,4
36811,11
36812,2
36813,2
36814,1
36815,1
36816,4
36817,4
36818,1
36819,5
36820,4
36821,6
36822,4
36823,1
36824,1
36825,3
36826,1
36827,1
36828,4
36829,3
36830,1
36831,2
36832,3
36833,2
36834,7
36835,5
36836,6
36837,1
36838,2
36839,7
36840,7
36841,1
36842,4
36843,1
36844,2
36845,1
36846,1
36847,8
36848,3
36849,1
36850,17
36851,1
36852,1
36853,4
36854,2
36855,1
36856,4
36857,1
36858,7
36859,3
36860,2
36861,7
36862,8
36863,1
36864,8
36865,1
36866,1
36867,8
36868,1
36869,3
36870,2
36871,2
36872,2
36873,2
36874,2
36875,7
36876,3
36877,8
36878,4
36879,2
36880,4
36881,4
36882,10
36883,5
36884,1
36885,1
36886,4
36887,1
36888,6
36889,13
36890,2
36891,1
36892,4
36893,4
36894,10
36895,4
36896,5
36897,3
36898,2
36899,4
36900,2
36901,7
36902,1
36903,1
36904,1
36905,2
36906,1
36907,2
36908,12
36909,1
36910,1
36911,4
36912,7
36913,2
36914,2
36915,1
36916,1
36917,1
36918,1
36919,1
36920,1
36921,2
36922,2
36923,17
36924,12
36925,4
36926,4
36927,1
36928,2
36929,1
36930,2
36931,4
36932,13
36933,1
36934,2
36935,4
36936,4
36937,1
36938,3
36939,7
36940,9
36941,1
36942,1
36943,2
36944,2
36945,1
36946,2
36947,11
36948,1
36949,1
36950,1
36951,40
36952,1
36953,2
36954,6
36955,13
36956,2
36957,1
36958,2
36959,1
36960,4
36961,1
36962,5
36963,2
36964,5
36965,1
36966,5
36967,1
36968,4
36969,1
36970,1
36971,6
36972,5
36973,4
36974,1
36975,4
36976,4
36977,13
36978,2
36979,4
36980,1
36981,1
36982,1
36983,2
36984,1
36985,1
36986,4
36987,3
36988,7
36989,1
36990,4
36991,1
36992,13
36993,2
36994,3
36995,1
36996,1
36997,20
36998,8
36999,16
37000,1
37001,1
37002,4
37003,1
37004,4
37005,2
37006,1
37007,4
37008,1
37009,11
37010,2
37011,1
37012,1
37013,4
37014,1
37015,1
37016,1
37017,14
37018,2
37019,5
37020,7
37021,3
37022,1
37023,1
37024,2
37025,1
37026,1
37027,5
37028,1
37029,1
37030,34
37031,7
37032,5
37033,1
37034,1
37035,1
37036,1
37037,1
37038,14
37039,7
37040,7
37041,25
37042,12
37043,4
37044,4
37045,4
37046,3
37047,7
37048,1
37049,10
37050,1
37051,4
37052,7
37053,5
37054,2
37055,1
37056,2
37057,12
37058,4
37059,1
37060,5
37061,4
37062,6
37063,7
37064,5
37065,4
37066,4
37067,1
37068,1
37069,2
37070,5
37071,1
37072,4
37073,1
37074,2
37075,2
37076,1
37077,1
37078,7
37079,1
37080,1
37081,2
37082,13
37083,1
37084,3
37085,1
37086,3
37087,2
37088,4
37089,4
37090,1
37091,7
37092,1
37093,2
37094,5
37095,7
37096,1
37097,1
37098,1
37099,2
37100,4
37101,7
37102,1
37103,1
37104,5
37105,6
37106,11
37107,2
37108,1
37109,5
37110,1
37111,5
37112,1
37113,6
37114,1
37115,1
37116,2
37117,1
37118,1
37119,7
37120,1
37121,1
37122,2
37123,5
37124,4
37125,8
37126,1
37127,1
37128,11
37129,1
37130,3
37131,4
37132,4
37133,4
37134,1
37135,14
37136,4
37137,1
37138,8
37139,1
37140,3
37141,3
37142,3
37143,2
37144,3
37145,1
37146,5
37147,5
37148,2
37149,2
37150,1
37151,4
37152,6
37153,5
37154,8
37155,1
37156,4
37157,2
37158,8
37159,17
37160,7
37161,7
37162,6
37163,1
37164,2
37165,1
37166,2
37167,1
37168,1
37169,1
37170,8
37171,6
37172,5
37173,10
37174,1
37175,4
37176,4
37177,5
37178,1
37179,1
37180,9
37181,5
37182,1
37183,15
37184,1
37185,6
37186,10
37187,3
37188,4
37189,1
37190,1
37191,4
37192,1
37193,13
37194,1
37195,6
37196,1
37197,8
37198,1
37199,3
37200,4
37201,4
37202,4
37203,16
37204,20
37205,1
37206,7
37207,7
37208,5
37209,1
37210,5
37211,4
37212,4
37213,1
37214,4
37215,9
37216,7
37217,8
37218,5
37219,1
37220,3
37221,1
37222,2
37223,1
37224,1
37225,1
37226,10
37227,1
37228,1
37229,1
37230,1
37231,10
37232,10
37233,1
37234,2
37235,5
37236,2
37237,3
37238,1
37239,1
37240,2
37241,8
37242,6
37243,1
37244,1
37245,11
37246,5
37247,1
37248,1
37249,16
37250,5
37251,4
37252,4
37253,14
37254,2
37255,4
37256,1
37257,1
37258,2
37259,1
37260,1
37261,7
37262,11
37263,13
37264,1
37265,1
37266,4
37267,4
37268,1
37269,5
37270,1
37271,3
37272,1
37273,1
37274,8
37275,1
37276,16
37277,9
37278,1
37279,14
37280,4
37281,1
37282,6
37283,1
37284,1
37285,7
37286,4
37287,1
37288,9
37289,1
37290,2
37291,4
37292,7
37293,3
37294,9
37295,1
37296,6
37297,2
37298,4
37299,8
37300,2
37301,1
37302,5
37303,2
37304,2
37305,2
37306,1
37307,1
37308,1
37309,5
37310,1
37311,2
37312,1
37313,1
37314,7
37315,4
37316,1
37317,3
37318,1
37319,1
37320,1
37321,5
37322,8
37323,2
37324,1
37325,1
37326,2
37327,1
37328,14
37329,1
37330,4
37331,2
37332,1
37333,1
37334,1
37335,1
37336,10
37337,1
37338,1
37339,1
37340,4
37341,4
37342,1
37343,1
37344,4
37345,7
37346,4
37347,10
37348,7
37349,1
37350,6
37351,7
37352,10
37353,9
37354,1
37355,7
37356,2
37357,1
37358,4
37359,1
37360,2
37361,1
37362,6
37363,2
37364,2
37365,4
37366,2
37367,1
37368,2
37369,7
37370,4
37371,2
37372,8
37373,7
37374,5
37375,5
37376,1
37377,1
37378,1
37379,4
37380,7
37381,1
37382,4
37383,1
37384,1
37385,4
37386,13
37387,7
37388,4
37389,4
37390,5
37391,4
37392,5
37393,5
37394,1
37395,4
37396,1
37397,2
37398,4
37399,2
37400,1
37401,1
37402,1
37403,1
37404,1
37405,2
37406,6
37407,7
37408,1
37409,4
37410,1
37411,13
37412,4
37413,1
37414,4
37415,4
37416,5
37417,4
37418,1
37419,4
37420,4
37421,8
37422,2
37423,1
37424,1
37425,4
37426,1
37427,11
37428,4
37429,5
37430,1
37431,1
37432,31
37433,1
37434,5
37435,4
37436,2
37437,1
37438,8
37439,3
37440,2
37441,4
37442,7
37443,10
37444,13
37445,1
37446,1
37447,4
37448,1
37449,2
37450,4
37451,5
37452,10
37453,2
37454,7
37455,1
37456,7
37457,7
37458,5
37459,2
37460,1
37461,1
37462,1
37463,4
37464,15
37465,1
37466,3
37467,4
37468,17
37469,1
37470,1
37471,1
37472,1
37473,2
37474,1
37475,2
37476,7
37477,1
37478,14
37479,16
37480,2
37481,5
37482,4
37483,1
37484,1
37485,1
37486,7
37487,1
37488,4
37489,1
37490,1
37491,1
37492,4
37493,8
37494,2
37495,2
37496,13
37497,5
37498,1
37499,3
37500,1
37501,4
37502,4
37503,1
37504,1
37505,11
37506,1
37507,1
37508,11
37509,2
37510,1
37511,2
37512,4
37513,1
37514,4
37515,1
37516,4
37517,5
37518,4
37519,1
37520,4
37521,4
37522,5
37523,1
37524,4
37525,2
37526,2
37527,1
37528,8
37529,1
37530,1
37531,3
37532,4
37533,5
37534,2
37535,1
37536,1
37537,1
37538,1
37539,7
37540,7
37541,1
37542,2
37543,1
37544,2
37545,2
37546,15
37547,7
37548,2
37549,1
37550,4
37551,16
37552,1
37553,4
37554,1
37555,5
37556,13
37557,3
37558,2
37559,2
37560,7
37561,13
37562,4
37563,1
37564,4
37565,8
37566,3
37567,7
37568,5
37569,7
37570,4
37571,2
37572,1
37573,1
37574,1
37575,2
37576,1
37577,3
37578,1
37579,1
37580,6
37581,9
37582,4
37583,4
37584,1
37585,2
37586,4
37587,6
37588,1
37589,5
37590,5
37591,2
37592,8
37593,1
37594,5
37595,4
37596,5
37597,4
37598,1
37599,10
37600,5
37601,2
37602,1
37603,1
37604,1
37605,3
37606,7
37607,8
37608,4
37609,2
37610,2
37611,1
37612,1
37613,5
37614,7
37615,1
37616,4
37617,9
37618,1
37619,1
37620,4
37621,9
37622,1
37623,3
37624,8
37625,2
37626,1
37627,3
37628,1
37629,4
37630,10
37631,1
37632,1
37633,1
37634,1
37635,3
37636,1
37637,1
37638,1
37639,14
37640,11
37641,10
37642,1
37643,2
37644,4
37645,1
37646,5
37647,5
37648,28
37649,1
37650,1
37651,7
37652,4
37653,13
37654,5
37655,5
37656,2
37657,10
37658,4
37659,4
37660,4
37661,4
37662,2
37663,4
37664,6
37665,1
37666,1
37667,5
37668,1
37669,7
37670,4
37671,1
37672,4
37673,8
37674,5
37675,5
37676,1
37677,7
37678,4
37679,1
37680,1
37681,1
37682,2
37683,7
37684,3
37685,4
37686,1
37687,1
37688,4
37689,7
37690,2
37691,13
37692,4
37693,1
37694,1
37695,8
37696,1
37697,1
37698,1
37699,2
37700,1
37701,6
37702,1
37703,2
37704,8
37705,4
37706,1
37707,8
37708,8
37709,1
37710,1
37711,3
37712,9
37713,5
37714,1
37715,1
37716,4
37717,4
37718,11
37719,1
37720,11
37721,5
37722,2
37723,1
37724,7
37725,1
37726,1
37727,2
37728,5
37729,4
37730,4
37731,1
37732,11
37733,4
37734,1
37735,4
37736,1
37737,10
37738,5
37739,2
37740,1
37741,4
37742,2
37743,3
37744,9
37745,1
37746,1
37747,1
37748,1
37749,4
37750,3
37751,1
37752,4
37753,2
37754,1
37755,1
37756,1
37757,1
37758,2
37759,1
37760,17
37761,1
37762,1
37763,1
37764,11
37765,2
37766,1
37767,8
37768,1
37769,3
37770,1
37771,1
37772,2
37773,7
37774,9
37775,4
37776,5
37777,14
37778,5
37779,1
37780,3
37781,5
37782,1
37783,1
37784,1
37785,2
37786,4
37787,1
37788,7
37789,4
37790,5
37791,1
37792,2
37793,1
37794,1
37795,7
37796,4
37797,4
37798,10
37799,1
37800,6
37801,4
37802,4
37803,4
37804,3
37805,4
37806,1
37807,11
37808,7
37809,7
37810,7
37811,1
37812,8
37813,1
37814,2
37815,7
37816,1
37817,1
37818,7
37819,4
37820,2
37821,6
37822,1
37823,8
37824,1
37825,5
37826,6
37827,1
37828,1
37829,1
37830,2
37831,10
37832,4
37833,1
37834,2
37835,4
37836,1
37837,9
37838,1
37839,1
37840,1
37841,3
37842,1
37843,1
37844,1
37845,11
37846,5
37847,4
37848,7
37849,1
37850,4
37851,2
37852,2
37853,1
37854,8
37855,1
37856,4
37857,1
37858,9
37859,6
37860,8
37861,7
37862,4
37863,1
37864,14
37865,19
37866,4
37867,1
37868,6
37869,5
37870,4
37871,5
37872,1
37873,7
37874,1
37875,4
37876,3
37877,1
37878,2
37879,2
37880,7
37881,1
37882,2
37883,7
37884,2
37885,4
37886,16
37887,1
37888,28
37889,1
37890,2
37891,1
37892,4
37893,1
37894,1
37895,2
37896,1
37897,1
37898,18
37899,1
37900,12
37901,4
37902,2
37903,3
37904,2
37905,18
37906,1
37907,1
37908,1
37909,1
37910,11
37911,1
37912,10
37913,5
37914,9
37915,6
37916,1
37917,5
37918,2
37919,3
37920,4
37921,7
37922,1
37923,5
37924,1
37925,1
37926,5
37927,4
37928,5
37929,7
37930,5
37931,10
37932,1
37933,1
37934,1
37935,1
37936,1
37937,11
37938,3
37939,1
37940,2
37941,7
37942,1
37943,6
37944,5
37945,1
37946,6
37947,14
37948,9
37949,4
37950,4
37951,1
37952,4
37953,11
37954,6
37955,1
37956,8
37957,1
37958,1
37959,1
37960,1
37961,4
37962,4
37963,1
37964,4
37965,4
37966,2
37967,1
37968,3
37969,4
37970,4
37971,5
37972,2
37973,4
37974,10
37975,10
37976,1
37977,1
37978,1
37979,13
37980,5
37981,4
37982,4
37983,4
37984,2
37985,1
37986,6
37987,1
37988,2
37989,4
37990,1
37991,2
37992,12
37993,4
37994,2
37995,7
37996,2
37997,2
37998,5
37999,4
38000,8
38001,4
38002,4
38003,3
38004,7
38005,9
38006,4
38007,2
38008,1
38009,8
38010,6
38011,1
38012,7
38013,4
38014,6
38015,2
38016,1
38017,6
38018,5
38019,4
38020,3
38021,1
38022,14
38023,5
38024,1
38025,4
38026,27
38027,1
38028,2
38029,4
38030,1
38031,1
38032,4
38033,1
38034,1
38035,1
38036,1
38037,5
38038,2
38039,8
38040,5
38041,1
38042,1
38043,1
38044,1
38045,1
38046,2
38047,1
38048,10
38049,6
38050,10
38051,2
38052,2
38053,7
38054,10
38055,1
38056,3
38057,7
38058,10
38059,1
38060,4
38061,9
38062,4
38063,1
38064,10
38065,2
38066,1
38067,1
38068,1
38069,1
38070,1
38071,11
38072,2
38073,8
38074,3
38075,14
38076,2
38077,4
38078,3
38079,1
38080,1
38081,8
38082,7
38083,8
38084,2
38085,1
38086,7
38087,1
38088,15
38089,1
38090,18
38091,1
38092,1
38093,4
38094,1
38095,7
38096,1
38097,1
38098,4
38099,17
38100,1
38101,1
38102,7
38103,7
38104,2
38105,1
38106,4
38107,13
38108,4
38109,11
38110,4
38111,1
38112,1
38113,15
38114,1
38115,3
38116,5
38117,7
38118,5
38119,8
38120,17
38121,16
38122,3
38123,2
38124,7
38125,4
38126,7
38127,1
38128,5
38129,8
38130,1
38131,6
38132,4
38133,4
38134,1
38135,2
38136,7
38137,2
38138,5
38139,8
38140,2
38141,7
38142,1
38143,2
38144,1
38145,1
38146,2
38147,5
38148,2
38149,10
38150,1
38151,1
38152,1
38153,4
38154,1
38155,1
38156,1
38157,2
38158,7
38159,1
38160,1
38161,9
38162,2
38163,28
38164,4
38165,1
38166,9
38167,5
38168,2
38169,1
38170,6
38171,4
38172,6
38173,4
38174,2
38175,4
38176,10
38177,4
38178,1
38179,4
38180,1
38181,1
38182,7
38183,1
38184,1
38185,4
38186,4
38187,2
38188,1
38189,1
38190,2
38191,2
38192,1
38193,1
38194,9
38195,4
38196,5
38197,4
38198,11
38199,1
38200,1
38201,4
38202,2
38203,1
38204,1
38205,5
38206,1
38207,4
38208,5
38209,1
38210,5
38211,4
38212,7
38213,1
38214,7
38215,1
38216,2
38217,2
38218,2
38219,1
38220,5
38221,4
38222,1
38223,4
38224,9
38225,4
38226,5
38227,1
38228,4
38229,6
38230,1
38231,1
38232,1
38233,3
38234,2
38235,1
38236,7
38237,1
38238,7
38239,13
38240,2
38241,3
38242,8
38243,5
38244,1
38245,2
38246,2
38247,4
38248,1
38249,1
38250,1
38251,5
38252,1
38253,1
38254,1
38255,5
38256,5
38257,5
38258,1
38259,1
38260,1
38261,4
38262,6
38263,1
38264,1
38265,1
38266,4
38267,2
38268,4
38269,1
38270,4
38271,1
38272,13
38273,4
38274,1
38275,1
38276,1
38277,4
38278,5
38279,3
38280,1
38281,1
38282,1
38283,1
38284,5
38285,1
38286,1
38287,1
38288,5
38289,1
38290,14
38291,4
38292,8
38293,2
38294,1
38295,5
38296,8
38297,7
38298,7
38299,1
38300,11
38301,4
38302,1
38303,14
38304,1
38305,1
38306,2
38307,7
38308,1
38309,4
38310,2
38311,1
38312,4
38313,2
38314,5
38315,1
38316,4
38317,2
38318,1
38319,9
38320,5
38321,1
38322,3
38323,2
38324,7
38325,5
38326,19
38327,3
38328,1
38329,1
38330,5
38331,1
38332,1
38333,1
38334,9
38335,4
38336,1
38337,2
38338,2
38339,4
38340,4
38341,1
38342,1
38343,1
38344,4
38345,1
38346,28
38347,4
38348,4
38349,1
38350,1
38351,1
38352,1
38353,4
38354,1
38355,2
38356,6
38357,1
38358,4
38359,1
38360,4
38361,5
38362,4
38363,2
38364,2
38365,9
38366,5
38367,7
38368,3
38369,1
38370,1
38371,4
38372,1
38373,1
38374,1
38375,1
38376,7
38377,2
38378,1
38379,4
38380,5
38381,1
38382,1
38383,1
38384,1
38385,3
38386,5
38387,6
38388,1
38389,10
38390,12
38391,4
38392,7
38393,3
38394,5
38395,1
38396,4
38397,4
38398,1
38399,1
38400,1
38401,1
38402,1
38403,2
38404,1
38405,11
38406,5
38407,8
38408,1
38409,1
38410,8
38411,1
38412,4
38413,4
38414,8
38415,4
38416,4
38417,5
38418,9
38419,7
38420,7
38421,1
38422,1
38423,1
38424,4
38425,1
38426,1
38427,5
38428,15
38429,1
38430,8
38431,7
38432,1
38433,1
38434,1
38435,2
38436,1
38437,10
38438,2
38439,14
38440,1
38441,1
38442,1
38443,7
38444,1
38445,2
38446,1
38447,1
38448,1
38449,11
38450,1
38451,8
38452,7
38453,2
38454,4
38455,1
38456,11
38457,4
38458,2
38459,5
38460,5
38461,5
38462,1
38463,5
38464,1
38465,7
38466,1
38467,4
38468,1
38469,7
38470,4
38471,1
38472,2
38473,1
38474,4
38475,6
38476,4
38477,1
38478,1
38479,2
38480,13
38481,1
38482,1
38483,4
38484,2
38485,8
38486,1
38487,1
38488,9
38489,4
38490,1
38491,4
38492,2
38493,2
38494,1
38495,1
38496,8
38497,6
38498,1
38499,14
38500,4
38501,8
38502,2
38503,1
38504,2
38505,1
38506,1
38507,1
38508,6
38509,5
38510,1
38511,2
38512,8
38513,9
38514,1
38515,17
38516,1
38517,4
38518,1
38519,2
38520,13
38521,1
38522,4
38523,1
38524,3
38525,1
38526,8
38527,4
38528,2
38529,2
38530,4
38531,12
38532,4
38533,1
38534,1
38535,5
38536,4
38537,4
38538,7
38539,10
38540,10
38541,4
38542,7
38543,4
38544,5
38545,7
38546,4
38547,13
38548,1
38549,6
38550,1
38551,1
38552,1
38553,1
38554,18
38555,5
38556,3
38557,2
38558,1
38559,3
38560,1
38561,3
38562,6
38563,1
38564,5
38565,1
38566,1
38567,4
38568,10
38569,23
38570,4
38571,4
38572,4
38573,4
38574,3
38575,5
38576,1
38577,8
38578,1
38579,1
38580,1
38581,2
38582,1
38583,2
38584,2
38585,1
38586,2
38587,13
38588,1
38589,8
38590,2
38591,1
38592,1
38593,1
38594,2
38595,4
38596,1
38597,13
38598,4
38599,1
38600,4
38601,4
38602,15
38603,6
38604,2
38605,13
38606,5
38607,10
38608,7
38609,1
38610,4
38611,7
38612,7
38613,5
38614,2
38615,5
38616,6
38617,7
38618,1
38619,1
38620,4
38621,5
38622,1
38623,1
38624,2
38625,1
38626,6
38627,5
38628,2
38629,1
38630,2
38631,1
38632,10
38633,1
38634,2
38635,10
38636,2
38637,2
38638,1
38639,5
38640,7
38641,7
38642,4
38643,3
38644,8
38645,1
38646,4
38647,1
38648,1
38649,7
38650,4
38651,4
38652,4
38653,4
38654,7
38655,3
38656,1
38657,5
38658,4
38659,2
38660,1
38661,22
38662,2
38663,1
38664,1
38665,1
38666,1
38667,4
38668,12
38669,1
38670,14
38671,2
38672,1
38673,4
38674,2
38675,1
38676,8
38677,6
38678,8
38679,4
38680,4
38681,13
38682,8
38683,1
38684,7
38685,6
38686,7
38687,1
38688,4
38689,4
38690,4
38691,7
38692,1
38693,3
38694,4
38695,3
38696,1
38697,2
38698,7
38699,7
38700,5
38701,4
38702,1
38703,10
38704,1
38705,2
38706,1
38707,24
38708,5
38709,4
38710,1
38711,10
38712,1
38713,1
38714,2
38715,3
38716,2
38717,4
38718,5
38719,16
38720,1
38721,9
38722,2
38723,1
38724,7
38725,13
38726,6
38727,8
38728,4
38729,1
38730,6
38731,1
38732,8
38733,5
38734,1
38735,2
38736,3
38737,1
38738,1
38739,1
38740,1
38741,4
38742,5
38743,2
38744,7
38745,2
38746,6
38747,1
38748,5
38749,1
38750,8
38751,4
38752,4
38753,1
38754,5
38755,4
38756,4
38757,8
38758,6
38759,1
38760,1
38761,17
38762,5
38763,1
38764,1
38765,1
38766,1
38767,5
38768,7
38769,10
38770,8
38771,1
38772,6
38773,1
38774,4
38775,4
38776,2
38777,2
38778,1
38779,4
38780,10
38781,2
38782,1
38783,8
38784,1
38785,4
38786,7
38787,7
38788,7
38789,2
38790,1
38791,1
38792,2
38793,7
38794,7
38795,8
38796,2
38797,10
38798,1
38799,2
38800,7
38801,1
38802,5
38803,1
38804,6
38805,6
38806,10
38807,6
38808,2
38809,1
38810,10
38811,1
38812,1
38813,5
38814,3
38815,12
38816,10
38817,7
38818,1
38819,2
38820,5
38821,2
38822,2
38823,3
38824,1
38825,2
38826,4
38827,5
38828,8
38829,1
38830,13
38831,8
38832,5
38833,1
38834,1
38835,1
38836,1
38837,1
38838,10
38839,17
38840,1
38841,7
38842,1
38843,4
38844,1
38845,5
38846,1
38847,4
38848,5
38849,2
38850,6
38851,3
38852,1
38853,2
38854,1
38855,2
38856,1
38857,1
38858,1
38859,1
38860,7
38861,1
38862,1
38863,4
38864,1
38865,22
38866,1
38867,1
38868,5
38869,1
38870,1
38871,1
38872,1
38873,1
38874,5
38875,11
38876,1
38877,4
38878,4
38879,1
38880,1
38881,1
38882,4
38883,2
38884,6
38885,1
38886,10
38887,1
38888,4
38889,1
38890,3
38891,1
38892,1
38893,4
38894,4
38895,1
38896,1
38897,1
38898,1
38899,3
38900,17
38901,3
38902,5
38903,8
38904,12
38905,5
38906,3
38907,4
38908,1
38909,2
38910,5
38911,11
38912,2
38913,1
38914,14
38915,12
38916,5
38917,1
38918,1
38919,1
38920,4
38921,7
38922,1
38923,8
38924,16
38925,3
38926,5
38927,1
38928,1
38929,3
38930,1
38931,1
38932,2
38933,1
38934,1
38935,2
38936,2
38937,1
38938,1
38939,1
38940,4
38941,10
38942,7
38943,4
38944,7
38945,2
38946,4
38947,8
38948,1
38949,1
38950,4
38951,5
38952,4
38953,1
38954,1
38955,4
38956,4
38957,1
38958,4
38959,5
38960,1
38961,4
38962,4
38963,6
38964,17
38965,12
38966,8
38967,1
38968,1
38969,4
38970,12
38971,4
38972,1
38973,4
38974,5
38975,5
38976,2
38977,2
38978,1
38979,1
38980,5
38981,3
38982,1
38983,4
38984,10
38985,5
38986,4
38987,4
38988,2
38989,1
38990,13
38991,1
38992,1
38993,16
38994,5
38995,6
38996,2
38997,12
38998,4
38999,4
39000,2
39001,1
39002,4
39003,1
39004,6
39005,10
39006,2
39007,1
39008,4
39009,2
39010,1
39011,7
39012,2
39013,2
39014,3
39015,4
39016,2
39017,4
39018,1
39019,19
39020,9
39021,6
39022,1
39023,1
39024,21
39025,8
39026,4
39027,1
39028,4
39029,1
39030,1
39031,7
39032,2
39033,3
39034,1
39035,1
39036,1
39037,1
39038,4
39039,1
39040,1
39041,6
39042,8
39043,9
39044,1
39045,4
39046,1
39047,1
39048,2
39049,23
39050,4
39051,2
39052,4
39053,1
39054,5
39055,4
39056,4
39057,5
39058,16
39059,3
39060,1
39061,1
39062,4
39063,3
39064,1
39065,1
39066,2
39067,5
39068,2
39069,6
39070,1
39071,1
39072,4
39073,1
39074,2
39075,7
39076,2
39077,1
39078,1
39079,1
39080,3
39081,3
39082,10
39083,8
39084,1
39085,4
39086,3
39087,2
39088,1
39089,1
39090,2
39091,4
39092,3
39093,7
39094,1
39095,8
39096,6
39097,5
39098,1
39099,7
39100,1
39101,1
39102,8
39103,4
39104,8
39105,1
39106,10
39107,1
39108,3
39109,1
39110,13
39111,15
39112,4
39113,9
39114,5
39115,5
39116,4
39117,20
39118,4
39119,1
39120,4
39121,1
39122,2
39123,5
39124,1
39125,4
39126,11
39127,2
39128,7
39129,1
39130,1
39131,3
39132,7
39133,1
39134,16
39135,4
39136,13
39137,1
39138,1
39139,1
39140,4
39141,7
39142,9
39143,7
39144,1
39145,4
39146,5
39147,4
39148,1
39149,1
39150,1
39151,2
39152,4
39153,2
39154,16
39155,7
39156,5
39157,4
39158,1
39159,1
39160,2
39161,2
39162,1
39163,3
39164,1
39165,4
39166,1
39167,11
39168,1
39169,7
39170,11
39171,1
39172,3
39173,1
39174,8
39175,1
39176,1
39177,3
39178,1
39179,1
39180,5
39181,14
39182,2
39183,1
39184,1
39185,2
39186,5
39187,1
39188,4
39189,2
39190,1
39191,4
39192,5
39193,7
39194,1
39195,4
39196,15
39197,10
39198,5
39199,4
39200,1
39201,9
39202,11
39203,1
39204,1
39205,7
39206,1
39207,1
39208,1
39209,1
39210,1
39211,1
39212,1
39213,4
39214,1
39215,6
39216,5
39217,4
39218,12
39219,1
39220,1
39221,3
39222,5
39223,2
39224,4
39225,1
39226,10
39227,1
39228,4
39229,2
39230,7
39231,4
39232,16
39233,1
39234,10
39235,1
39236,1
39237,1
39238,4
39239,13
39240,1
39241,1
39242,7
39243,8
39244,2
39245,1
39246,1
39247,1
39248,4
39249,1
39250,2
39251,1
39252,4
39253,1
39254,11
39255,6
39256,7
39257,1
39258,1
39259,5
39260,1
39261,1
39262,5
39263,1
39264,4
39265,1
39266,1
39267,2
39268,5
39269,1
39270,10
39271,2
39272,1
39273,2
39274,1
39275,7
39276,1
39277,1
39278,2
39279,1
39280,10
39281,4
39282,2
39283,4
39284,1
39285,4
39286,1
39287,19
39288,1
39289,7
39290,4
39291,5
39292,1
39293,4
39294,5
39295,6
39296,1
39297,2
39298,19
39299,2
39300,22
39301,2
39302,1
39303,1
39304,1
39305,1
39306,1
39307,1
39308,1
39309,1
39310,3
39311,1
39312,4
39313,1
39314,2
39315,2
39316,1
39317,7
39318,4
39319,4
39320,1
39321,3
39322,10
39323,7
39324,4
39325,10
39326,1
39327,1
39328,5
39329,5
39330,1
39331,1
39332,1
39333,3
39334,2
39335,1
39336,1
39337,1
39338,1
39339,5
39340,4
39341,3
39342,4
39343,1
39344,1
39345,7
39346,4
39347,4
39348,7
39349,4
39350,2
39351,2
39352,1
39353,7
39354,1
39355,11
39356,8
39357,4
39358,2
39359,1
39360,4
39361,3
39362,5
39363,1
39364,1
39365,2
39366,3
39367,4
39368,4
39369,4
39370,9
39371,4
39372,2
39373,4
39374,3
39375,2
39376,1
39377,1
39378,10
39379,5
39380,14
39381,1
39382,4
39383,5
39384,7
39385,5
39386,1
39387,2
39388,1
39389,4
39390,7
39391,2
39392,1
39393,1
39394,3
39395,4
39396,9
39397,1
39398,1
39399,8
39400,1
39401,11
39402,1
39403,1
39404,4
39405,4
39406,2
39407,1
39408,1
39409,12
39410,3
39411,1
39412,2
39413,1
39414,4
39415,14
39416,8
39417,1
39418,2
39419,2
39420,5
39421,1
39422,8
39423,5
39424,11
39425,12
39426,1
39427,5
39428,6
39429,1
39430,1
39431,1
39432,2
39433,1
39434,6
39435,3
39436,4
39437,6
39438,1
39439,4
39440,1
39441,1
39442,1
39443,5
39444,1
39445,3
39446,1
39447,3
39448,2
39449,9
39450,11
39451,10
39452,1
39453,2
39454,7
39455,6
39456,4
39457,1
39458,3
39459,1
39460,1
39461,1
39462,2
39463,4
39464,5
39465,4
39466,6
39467,1
39468,1
39469,4
39470,4
39471,4
39472,1
39473,1
39474,1
39475,5
39476,1
39477,5
39478,1
39479,1
39480,2
39481,5
39482,1
39483,4
39484,1
39485,1
39486,1
39487,1
39488,1
39489,4
39490,13
39491,2
39492,5
39493,1
39494,1
39495,2
39496,1
39497,5
39498,7
39499,8
39500,4
39501,4
39502,4
39503,1
39504,8
39505,1
39506,4
39507,3
39508,2
39509,4
39510,1
39511,2
39512,2
39513,5
39514,1
39515,5
39516,2
39517,1
39518,2
39519,19
39520,4
39521,9
39522,1
39523,2
39524,1
39525,15
39526,4
39527,3
39528,1
39529,7
39530,2
39531,1
39532,1
39533,1
39534,1
39535,1
39536,5
39537,2
39538,5
39539,1
39540,1
39541,8
39542,1
39543,1
39544,2
39545,1
39546,7
39547,1
39548,7
39549,1
39550,1
39551,4
39552,1
39553,7
39554,4
39555,8
39556,1
39557,1
39558,1
39559,8
39560,3
39561,5
39562,1
39563,4
39564,4
39565,2
39566,1
39567,1
39568,1
39569,1
39570,2
39571,7
39572,2
39573,6
39574,7
39575,5
39576,1
39577,4
39578,5
39579,1
39580,1
39581,2
39582,9
39583,8
39584,4
39585,4
39586,1
39587,3
39588,1
39589,4
39590,1
39591,1
39592,1
39593,6
39594,1
39595,3
39596,10
39597,4
39598,11
39599,1
39600,5
39601,1
39602,8
39603,1
39604,1
39605,5
39606,1
39607,2
39608,8
39609,10
39610,2
39611,4
39612,4
39613,22
39614,2
39615,11
39616,1
39617,4
39618,4
39619,3
39620,1
39621,12
39622,1
39623,1
39624,11
39625,1
39626,10
39627,1
39628,1
39629,2
39630,1
39631,1
39632,3
39633,21
39634,1
39635,10
39636,8
39637,4
39638,1
39639,1
39640,2
39641,7
39642,3
39643,1
39644,11
39645,5
39646,4
39647,4
39648,1
39649,4
39650,7
39651,4
39652,5
39653,2
39654,5
39655,1
39656,1
39657,3
39658,1
39659,10
39660,7
39661,7
39662,5
39663,5
39664,11
39665,4
39666,2
39667,1
39668,4
39669,1
39670,1
39671,7
39672,1
39673,4
39674,4
39675,1
39676,1
39677,2
39678,1
39679,1
39680,1
39681,1
39682,4
39683,10
39684,7
39685,4
39686,4
39687,3
39688,1
39689,1
39690,1
39691,5
39692,1
39693,2
39694,4
39695,4
39696,1
39697,14
39698,2
39699,6
39700,5
39701,10
39702,1
39703,5
39704,1
39705,1
39706,1
39707,1
39708,2
39709,8
39710,1
39711,1
39712,4
39713,8
39714,5
39715,1
39716,16
39717,2
39718,1
39719,1
39720,1
39721,1
39722,1
39723,1
39724,4
39725,1
39726,4
39727,1
39728,1
39729,1
39730,1
39731,5
39732,1
39733,4
39734,2
39735,1
39736,1
39737,24
39738,7
39739,3
39740,1
39741,1
39742,4
39743,4
39744,3
39745,8
39746,2
39747,2
39748,2
39749,1
39750,1
39751,5
39752,1
39753,5
39754,1
39755,1
39756,1
39757,1
39758,1
39759,13
39760,1
39761,2
39762,1
39763,5
39764,1
39765,7
39766,3
39767,2
39768,1
39769,1
39770,2
39771,1
39772,1
39773,1
39774,7
39775,16
39776,7
39777,1
39778,7
39779,1
39780,1
39781,2
39782,1
39783,4
39784,1
39785,10
39786,4
39787,1
39788,10
39789,10
39790,5
39791,1
39792,5
39793,1
39794,11
39795,2
39796,1
39797,2
39798,4
39799,2
39800,3
39801,4
39802,1
39803,7
39804,2
39805,1
39806,2
39807,1
39808,1
39809,7
39810,2
39811,10
39812,2
39813,3
39814,1
39815,2
39816,7
39817,2
39818,1
39819,10
39820,10
39821,1
39822,4
39823,1
39824,7
39825,1
39826,5
39827,4
39828,4
39829,4
39830,4
39831,5
39832,5
39833,2
39834,1
39835,7
39836,1
39837,5
39838,12
39839,1
39840,1
39841,7
39842,2
39843,1
39844,7
39845,1
39846,5
39847,1
39848,9
39849,1
39850,1
39851,1
39852,1
39853,2
39854,7
39855,2
39856,17
39857,3
39858,1
39859,9
39860,4
39861,1
39862,7
39863,1
39864,8
39865,7
39866,1
39867,5
39868,7
39869,4
39870,1
39871,3
39872,1
39873,4
39874,1
39875,1
39876,10
39877,4
39878,4
39879,2
39880,6
39881,11
39882,11
39883,12
39884,7
39885,6
39886,4
39887,1
39888,1
39889,6
39890,1
39891,9
39892,1
39893,8
39894,1
39895,2
39896,1
39897,5
39898,2
39899,10
39900,1
39901,1
39902,1
39903,8
39904,8
39905,1
39906,4
39907,2
39908,13
39909,1
39910,1
39911,3
39912,1
39913,1
39914,2
39915,5
39916,4
39917,7
39918,1
39919,6
39920,4
39921,8
39922,1
39923,1
39924,1
39925,1
39926,4
39927,1
39928,2
39929,6
39930,2
39931,1
39932,1
39933,4
39934,1
39935,11
39936,2
39937,1
39938,7
39939,3
39940,2
39941,1
39942,1
39943,1
39944,16
39945,1
39946,1
39947,2
39948,1
39949,4
39950,11
39951,1
39952,1
39953,1
39954,2
39955,1
39956,7
39957,5
39958,8
39959,1
39960,1
39961,1
39962,7
39963,4
39964,5
39965,7
39966,4
39967,2
39968,7
39969,4
39970,4
39971,1
39972,1
39973,1
39974,4
39975,1
39976,4
39977,4
39978,2
39979,1
39980,1
39981,4
39982,4
39983,6
39984,1
39985,1
39986,1
39987,11
39988,1
39989,1
39990,9
39991,1
39992,7
39993,5
39994,2
39995,4
39996,2
39997,2
39998,7
39999,5
40000,1